"annotation_id","annotator","created_at","id","label","lead_time","text","updated_at"
22,"1","2025-01-23T13:32:45.071973Z",41,"",36.735,"कथित Delhi Liquor Scam पर ED और Modi Govt झूठी साबित हुई I Arvind Kejriwal ने कही बड़ी बात","2025-01-23T13:32:45.071973Z"
23,"1","2025-01-23T13:39:04.551077Z",680,"[{""start"":0,""end"":17,""text"":""Imran Pratapgarhi"",""labels"":[""PROPN""]},{""start"":28,""end"":35,""text"":""PM Modi"",""labels"":[""PROPN""]},{""start"":50,""end"":55,""text"":""सुनकर"",""labels"":[""VERB""]},{""start"":79,""end"":95,""text"":""इमरान प्रतापगढ़ी"",""labels"":[""PROPN""]},{""start"":18,""end"":20,""text"":""ने"",""labels"":[""ADP""]},{""start"":59,""end"":61,""text"":""भी"",""labels"":[""PART""]},{""start"":21,""end"":27,""text"":""गिनाईं"",""labels"":[""VERB""]},{""start"":36,""end"":38,""text"":""की"",""labels"":[""ADP""]},{""start"":39,""end"":48,""text"":""छुट्टियां"",""labels"":[""NOUN""]},{""start"":56,""end"":58,""text"":""आप"",""labels"":[""PRON""]},{""start"":68,""end"":77,""text"":""रह जाएंगे"",""labels"":[""X""]},{""start"":77,""end"":79,""text"":""। "",""labels"":[""X""]},{""start"":62,""end"":67,""text"":""हैरान"",""labels"":[""ADV""]}]",2549.9249999999997,"Imran Pratapgarhi ने गिनाईं PM Modi की छुट्टियां, सुनकर आप भी हैरान रह जाएंगे। इमरान प्रतापगढ़ी","2025-01-23T14:32:30.894441Z"
24,"1","2025-01-23T14:38:47.597479Z",681,"[{""start"":0,""end"":7,""text"":""किसानों"",""labels"":[""NOUN""]},{""start"":11,""end"":22,""text"":""बल्ले-बल्ले"",""labels"":[""NOUN""]},{""start"":8,""end"":10,""text"":""की"",""labels"":[""ADP""]},{""start"":22,""end"":23,""text"":""।"",""labels"":[""X""]},{""start"":24,""end"":27,""text"":""MSP"",""labels"":[""PROPN""]},{""start"":28,""end"":30,""text"":""पर"",""labels"":[""ADP""]},{""start"":31,""end"":35,""text"":""सबसे"",""labels"":[""ADV""]},{""start"":36,""end"":42,""text"":""ज्यादा"",""labels"":[""ADJ""]},{""start"":43,""end"":48,""text"":""खरीदी"",""labels"":[""NOUN""]},{""start"":49,""end"":55,""text"":""कर रही"",""labels"":[""VERB""]},{""start"":56,""end"":70,""text"":""कांग्रेस सरकार"",""labels"":[""PROPN""]},{""start"":70,""end"":71,""text"":""।"",""labels"":[""X""]},{""start"":72,""end"":80,""text"":""Congress"",""labels"":[""PROPN""]},{""start"":81,""end"":82,""text"":""|"",""labels"":[""X""]},{""start"":83,""end"":95,""text"":""Chhattisgarh"",""labels"":[""PROPN""]}]",341.478,"किसानों की बल्ले-बल्ले। MSP पर सबसे ज्यादा खरीदी कर रही कांग्रेस सरकार। Congress | Chhattisgarh","2025-01-23T14:38:47.597479Z"
25,"1","2025-01-23T14:41:35.877876Z",682,"[{""start"":0,""end"":7,""text"":""किसानों"",""labels"":[""NOUN""]},{""start"":8,""end"":10,""text"":""की"",""labels"":[""ADP""]},{""start"":11,""end"":16,""text"":""हो गई"",""labels"":[""VERB""]},{""start"":17,""end"":28,""text"":""बल्ले-बल्ले"",""labels"":[""NOUN""]},{""start"":28,""end"":30,""text"":"", "",""labels"":[""X""]},{""start"":30,""end"":34,""text"":""गोबर"",""labels"":[""NOUN""]},{""start"":35,""end"":37,""text"":""भी"",""labels"":[""PART""]},{""start"":38,""end"":43,""text"":""ख़रीद"",""labels"":[""VERB""]},{""start"":44,""end"":47,""text"":""रही"",""labels"":[""VERB""]},{""start"":48,""end"":62,""text"":""Congress सरकार"",""labels"":[""PROPN""]},{""start"":62,""end"":63,""text"":""।"",""labels"":[""X""]},{""start"":64,""end"":76,""text"":""Chhattisgarh"",""labels"":[""PROPN""]},{""start"":79,""end"":96,""text"":""CM Bhupesh Baghel"",""labels"":[""PROPN""]},{""start"":77,""end"":78,""text"":""|"",""labels"":[""X""]}]",165.003,"किसानों की हो गई बल्ले-बल्ले, गोबर भी ख़रीद रही Congress सरकार। Chhattisgarh | CM Bhupesh Baghel","2025-01-23T14:41:35.877876Z"
26,"1","2025-01-23T14:44:45.860741Z",683,"[{""start"":0,""end"":3,""text"":""BJP"",""labels"":[""PROPN""]},{""start"":4,""end"":6,""text"":""पर"",""labels"":[""ADP""]},{""start"":7,""end"":12,""text"":""भड़के"",""labels"":[""VERB""]},{""start"":13,""end"":31,""text"":""Mallikarjun Kharge"",""labels"":[""PROPN""]},{""start"":83,""end"":95,""text"":""Chhattisgarh"",""labels"":[""PROPN""]},{""start"":55,""end"":69,""text"":""Bhupesh Baghel"",""labels"":[""PROPN""]},{""start"":36,""end"":43,""text"":""Gujarat"",""labels"":[""PROPN""]},{""start"":44,""end"":49,""text"":""Model"",""labels"":[""NOUN""]},{""start"":70,""end"":75,""text"":""Model"",""labels"":[""NOUN""]},{""start"":50,""end"":54,""text"":""नहीं"",""labels"":[""NUM""]},{""start"":33,""end"":35,""text"":""ये"",""labels"":[""ADP""]},{""start"":81,""end"":82,""text"":""।"",""labels"":[""X""]},{""start"":78,""end"":81,""text"":""..."",""labels"":[""X""]},{""start"":76,""end"":78,""text"":""है"",""labels"":[""VERB""]},{""start"":31,""end"":32,""text"":"","",""labels"":[""X""]}]",187.862,"BJP पर भड़के Mallikarjun Kharge, ये Gujarat Model नहीं Bhupesh Baghel Model है...। Chhattisgarh","2025-01-23T14:44:45.860741Z"
27,"1","2025-01-23T14:49:16.222877Z",684,"[{""start"":0,""end"":7,""text"":""PM Modi"",""labels"":[""PROPN""]},{""start"":8,""end"":10,""text"":""ने"",""labels"":[""ADP""]},{""start"":11,""end"":19,""text"":""करा दिया"",""labels"":[""VERB""]},{""start"":20,""end"":24,""text"":""आपका"",""labels"":[""PRON""]},{""start"":25,""end"":34,""text"":""इतना बड़ा"",""labels"":[""ADJ""]},{""start"":45,""end"":62,""text"":""CM Bhupesh Baghel"",""labels"":[""PROPN""]},{""start"":76,""end"":88,""text"":""Chhattisgarh"",""labels"":[""PROPN""]},{""start"":89,""end"":97,""text"":""Election"",""labels"":[""NOUN""]},{""start"":63,""end"":65,""text"":""ने"",""labels"":[""ADP""]},{""start"":35,""end"":41,""text"":""नुकसान"",""labels"":[""NOUN""]},{""start"":41,""end"":44,""text"":""..."",""labels"":[""X""]},{""start"":66,""end"":70,""text"":""खोली"",""labels"":[""VERB""]},{""start"":71,""end"":74,""text"":""पोल"",""labels"":[""NOUN""]},{""start"":74,""end"":75,""text"":""।"",""labels"":[""X""]}]",268.305,"PM Modi ने करा दिया आपका इतना बड़ा नुकसान... CM Bhupesh Baghel ने खोली पोल। Chhattisgarh Election","2025-01-23T14:49:16.222877Z"
28,"1","2025-01-23T14:54:16.672801Z",685,"[{""start"":0,""end"":4,""text"":""Modi"",""labels"":[""PROPN""]},{""start"":29,""end"":49,""text"":""Subhash Chandra Bose"",""labels"":[""PROPN""]},{""start"":61,""end"":64,""text"":""BJP"",""labels"":[""PROPN""]},{""start"":82,""end"":100,""text"":""Chandra Kumar Bose"",""labels"":[""PROPN""]},{""start"":53,""end"":57,""text"":""पोते"",""labels"":[""NOUN""]},{""start"":58,""end"":60,""text"":""ने"",""labels"":[""ADP""]},{""start"":68,""end"":72,""text"":""दिया"",""labels"":[""VERB""]},{""start"":73,""end"":80,""text"":""इस्तीफा"",""labels"":[""NOUN""]},{""start"":80,""end"":81,""text"":""।"",""labels"":[""X""]},{""start"":50,""end"":52,""text"":""के"",""labels"":[""ADP""]},{""start"":19,""end"":28,""text"":""लगाते हुए"",""labels"":[""VERB""]},{""start"":5,""end"":7,""text"":""पर"",""labels"":[""ADP""]},{""start"":8,""end"":13,""text"":""गंभीर"",""labels"":[""ADJ""]},{""start"":14,""end"":18,""text"":""आरोप"",""labels"":[""NOUN""]},{""start"":65,""end"":67,""text"":""से"",""labels"":[""ADP""]}]",296.778,"Modi पर गंभीर आरोप लगाते हुए Subhash Chandra Bose के पोते ने BJP से दिया इस्तीफा। Chandra Kumar Bose","2025-01-23T14:54:16.672801Z"
29,"1","2025-01-23T14:57:44.555985Z",686,"[{""start"":0,""end"":18,""text"":""Mallikarjun Kharge"",""labels"":[""PROPN""]},{""start"":19,""end"":21,""text"":""ने"",""labels"":[""ADP""]},{""start"":22,""end"":27,""text"":""गिनाए"",""labels"":[""VERB""]},{""start"":28,""end"":36,""text"":""Congress"",""labels"":[""PROPN""]},{""start"":37,""end"":39,""text"":""के"",""labels"":[""ADP""]},{""start"":40,""end"":43,""text"":""काम"",""labels"":[""NOUN""]},{""start"":43,""end"":44,""text"":"","",""labels"":[""X""]},{""start"":45,""end"":46,""text"":""5"",""labels"":[""NUM""]},{""start"":47,""end"":50,""text"":""साल"",""labels"":[""NOUN""]},{""start"":51,""end"":54,""text"":""में"",""labels"":[""ADP""]},{""start"":55,""end"":61,""text"":""40 लाख"",""labels"":[""NUM""]},{""start"":62,""end"":65,""text"":""लोग"",""labels"":[""NOUN""]},{""start"":72,""end"":74,""text"":""से"",""labels"":[""ADP""]},{""start"":66,""end"":71,""text"":""गरीबी"",""labels"":[""ADJ""]},{""start"":80,""end"":86,""text"":""निकाले"",""labels"":[""VERB""]},{""start"":86,""end"":87,""text"":""।"",""labels"":[""X""]},{""start"":88,""end"":100,""text"":""Chhattisgarh"",""labels"":[""PROPN""]},{""start"":75,""end"":79,""text"":""बाहर"",""labels"":[""ADV""]}]",204.415,"Mallikarjun Kharge ने गिनाए Congress के काम, 5 साल में 40 लाख लोग गरीबी से बाहर निकाले। Chhattisgarh","2025-01-23T14:57:44.555985Z"
30,"1","2025-01-23T15:00:58.119942Z",687,"[{""start"":5,""end"":8,""text"":""कहो"",""labels"":[""VERB""]},{""start"":12,""end"":16,""text"":""Gold"",""labels"":[""NOUN""]},{""start"":0,""end"":4,""text"":""सोना"",""labels"":[""NOUN""]},{""start"":9,""end"":11,""text"":""या"",""labels"":[""CONJ""]},{""start"":18,""end"":22,""text"":""कीमत"",""labels"":[""NOUN""]},{""start"":23,""end"":26,""text"":""बदल"",""labels"":[""VERB""]},{""start"":27,""end"":31,""text"":""नहीं"",""labels"":[""PART_NEG""]},{""start"":42,""end"":53,""text"":""Pawan Khera"",""labels"":[""PROPN""]},{""start"":56,""end"":73,""text"":""Bharat Jodo Yatra"",""labels"":[""PROPN""]},{""start"":32,""end"":36,""text"":""जाती"",""labels"":[""ADV""]},{""start"":36,""end"":39,""text"":""..."",""labels"":[""X""]},{""start"":40,""end"":41,""text"":""|"",""labels"":[""X""]},{""start"":74,""end"":75,""text"":""|"",""labels"":[""X""]},{""start"":76,""end"":81,""text"":""INDIA"",""labels"":[""PROPN""]},{""start"":85,""end"":95,""text"":""NDA Bharat"",""labels"":[""PROPN""]},{""start"":82,""end"":84,""text"":""Vs"",""labels"":[""ADP""]},{""start"":54,""end"":55,""text"":""|"",""labels"":[""X""]},{""start"":16,""end"":17,""text"":"","",""labels"":[""X""]}]",188.597,"सोना कहो या Gold, कीमत बदल नहीं जाती... | Pawan Khera | Bharat Jodo Yatra | INDIA Vs NDA Bharat","2025-01-23T15:00:58.119942Z"
31,"1","2025-01-23T15:05:30.348764Z",688,"[{""start"":0,""end"":18,""text"":""Mallikarjun Kharge"",""labels"":[""PROPN""]},{""start"":58,""end"":70,""text"":""Chhattisgarh"",""labels"":[""PROPN""]},{""start"":73,""end"":90,""text"":""CM Bhupesh Baghel"",""labels"":[""PROPN""]},{""start"":28,""end"":35,""text"":""PM Modi"",""labels"":[""PROPN""]},{""start"":36,""end"":45,""text"":""Amit Shah"",""labels"":[""PROPN""]},{""start"":35,""end"":36,""text"":""-"",""labels"":[""X""]},{""start"":19,""end"":21,""text"":""ने"",""labels"":[""ADP""]},{""start"":22,""end"":24,""text"":""कर"",""labels"":[""VERB""]},{""start"":25,""end"":27,""text"":""दी"",""labels"":[""VERB""]},{""start"":46,""end"":48,""text"":""की"",""labels"":[""ADP""]},{""start"":49,""end"":54,""text"":""धुलाई"",""labels"":[""NOUN""]},{""start"":54,""end"":57,""text"":""..."",""labels"":[""X""]},{""start"":71,""end"":72,""text"":""|"",""labels"":[""X""]}]",267.829,"Mallikarjun Kharge ने कर दी PM Modi-Amit Shah की धुलाई... Chhattisgarh | CM Bhupesh Baghel","2025-01-23T15:05:30.348764Z"
32,"1","2025-01-23T15:09:30.919262Z",689,"[{""start"":15,""end"":32,""text"":""Bharat Jodo Yatra"",""labels"":[""PROPN""]},{""start"":11,""end"":14,""text"":""में"",""labels"":[""ADP""]},{""start"":3,""end"":10,""text"":""विदेशों"",""labels"":[""NOUN""]},{""start"":53,""end"":64,""text"":""Pawan Khera"",""labels"":[""PROPN""]},{""start"":67,""end"":79,""text"":""Rahul Gandhi"",""labels"":[""PROPN""]},{""start"":82,""end"":89,""text"":""PM Modi"",""labels"":[""PROPN""]},{""start"":80,""end"":81,""text"":""|"",""labels"":[""X""]},{""start"":65,""end"":66,""text"":""|"",""labels"":[""X""]},{""start"":51,""end"":52,""text"":""|"",""labels"":[""X""]},{""start"":40,""end"":42,""text"":""हो"",""labels"":[""VERB""]},{""start"":43,""end"":46,""text"":""रही"",""labels"":[""VERB""]},{""start"":0,""end"":2,""text"":""आज"",""labels"":[""ADV""]},{""start"":33,""end"":35,""text"":""पर"",""labels"":[""ADP""]},{""start"":36,""end"":39,""text"":""PhD"",""labels"":[""NOUN""]},{""start"":47,""end"":49,""text"":""है"",""labels"":[""VERB""]},{""start"":49,""end"":50,""text"":""'"",""labels"":[""X""]}]",237.858,"आज विदेशों में Bharat Jodo Yatra पर PhD हो रही है' | Pawan Khera | Rahul Gandhi | PM Modi","2025-01-23T15:09:30.919262Z"
33,"1","2025-01-23T15:12:57.369885Z",690,"[{""start"":86,""end"":87,""text"":""?"",""labels"":[""X""]},{""start"":22,""end"":23,""text"":"","",""labels"":[""X""]},{""start"":67,""end"":68,""text"":""'"",""labels"":[""X""]},{""start"":61,""end"":62,""text"":""'"",""labels"":[""X""]},{""start"":56,""end"":57,""text"":""'"",""labels"":[""X""]},{""start"":51,""end"":52,""text"":""'"",""labels"":[""X""]},{""start"":11,""end"":22,""text"":""Pawan Khera"",""labels"":[""PROPN""]},{""start"":52,""end"":56,""text"":""भारत"",""labels"":[""PROPN""]},{""start"":62,""end"":67,""text"":""INDIA"",""labels"":[""PROPN""]},{""start"":0,""end"":6,""text"":""गुस्से"",""labels"":[""ADJ""]},{""start"":7,""end"":10,""text"":""में"",""labels"":[""ADP""]},{""start"":24,""end"":27,""text"":""वो "",""labels"":[""PRON""]},{""start"":27,""end"":30,""text"":""कौन"",""labels"":[""PRON_WH""]},{""start"":34,""end"":40,""text"":""ताकतें"",""labels"":[""NOUN""]},{""start"":41,""end"":44,""text"":""हैं"",""labels"":[""VERB""]},{""start"":45,""end"":47,""text"":""जो"",""labels"":[""CONJ""]},{""start"":48,""end"":50,""text"":""अब"",""labels"":[""ADV""]},{""start"":58,""end"":60,""text"":""को"",""labels"":[""ADP""]},{""start"":69,""end"":71,""text"":""से"",""labels"":[""ADP""]},{""start"":72,""end"":78,""text"":""भिड़वा"",""labels"":[""VERB""]},{""start"":79,""end"":82,""text"":""रही"",""labels"":[""VERB""]},{""start"":83,""end"":86,""text"":""हैं"",""labels"":[""VERB""]}]",204.144,"गुस्से में Pawan Khera, वो कौन सी ताकतें हैं जो अब 'भारत' को 'INDIA' से भिड़वा रही हैं?","2025-01-23T15:12:57.369885Z"
34,"1","2025-01-23T15:14:16.818338Z",691,"[{""start"":0,""end"":3,""text"":""BJP"",""labels"":[""PROPN""]},{""start"":4,""end"":7,""text"":""RSS"",""labels"":[""PROPN""]},{""start"":3,""end"":4,""text"":""-"",""labels"":[""X""]},{""start"":28,""end"":31,""text"":""..."",""labels"":[""X""]},{""start"":54,""end"":55,""text"":"","",""labels"":[""X""]},{""start"":56,""end"":59,""text"":""RSS"",""labels"":[""PROPN""]},{""start"":11,""end"":16,""text"":""भड़के"",""labels"":[""VERB""]},{""start"":17,""end"":28,""text"":""Pawan Khera"",""labels"":[""PROPN""]},{""start"":75,""end"":92,""text"":""Bharat Jodo Yatra"",""labels"":[""PROPN""]},{""start"":32,""end"":35,""text"":""वोट"",""labels"":[""NOUN""]},{""start"":36,""end"":42,""text"":""बीजेपी"",""labels"":[""PROPN""]},{""start"":43,""end"":45,""text"":""को"",""labels"":[""ADP""]},{""start"":46,""end"":54,""text"":""देते हैं"",""labels"":[""VERB""]},{""start"":8,""end"":10,""text"":""पर"",""labels"":[""ADP""]},{""start"":60,""end"":64,""text"":""फ्री"",""labels"":[""NOUN""]},{""start"":65,""end"":73,""text"":""मिलता है"",""labels"":[""VERB""]},{""start"":73,""end"":74,""text"":""।"",""labels"":[""X""]}]",73.332,"BJP-RSS पर भड़के Pawan Khera... वोट बीजेपी को देते हैं, RSS फ्री मिलता है। Bharat Jodo Yatra","2025-01-23T15:14:16.818338Z"
35,"1","2025-01-23T15:15:42.671907Z",692,"[{""start"":0,""end"":5,""text"":""Watch"",""labels"":[""VERB""]},{""start"":5,""end"":7,""text"":"": "",""labels"":[""X""]},{""start"":7,""end"":11,""text"":""Shri"",""labels"":[""ADJ""]},{""start"":12,""end"":24,""text"":""Rahul Gandhi"",""labels"":[""PROPN""]},{""start"":25,""end"":31,""text"":""iconic"",""labels"":[""ADJ""]},{""start"":32,""end"":38,""text"":""speech"",""labels"":[""NOUN""]},{""start"":42,""end"":50,""text"":""Srinagar"",""labels"":[""PROPN""]},{""start"":52,""end"":69,""text"":""Jammu and Kashmir"",""labels"":[""PROPN""]},{""start"":50,""end"":51,""text"":"","",""labels"":[""X""]},{""start"":69,""end"":70,""text"":""."",""labels"":[""X""]},{""start"":39,""end"":41,""text"":""in"",""labels"":[""ADP""]}]",79.466,"Watch: Shri Rahul Gandhi iconic speech in Srinagar, Jammu and Kashmir.","2025-01-23T15:15:42.671907Z"
36,"1","2025-01-23T15:18:25.854813Z",693,"[{""start"":0,""end"":1,""text"":""7"",""labels"":[""X""]},{""start"":2,""end"":8,""text"":""सितंबर"",""labels"":[""NOUN""]},{""start"":9,""end"":11,""text"":""को"",""labels"":[""ADP""]},{""start"":12,""end"":20,""text"":""शुरू हुई"",""labels"":[""VERB""]},{""start"":21,""end"":23,""text"":""एक"",""labels"":[""NUM""]},{""start"":24,""end"":30,""text"":""यात्रा"",""labels"":[""NOUN""]},{""start"":36,""end"":41,""text"":""INDIA"",""labels"":[""PROPN""]},{""start"":45,""end"":51,""text"":""यात्रा"",""labels"":[""NOUN""]},{""start"":52,""end"":57,""text"":""बन गई"",""labels"":[""VERB""]},{""start"":57,""end"":58,""text"":""।"",""labels"":[""X""]},{""start"":59,""end"":76,""text"":""Bharat Jodo Yatra"",""labels"":[""PROPN""]},{""start"":77,""end"":78,""text"":""|"",""labels"":[""X""]},{""start"":79,""end"":91,""text"":""Rahul Gandhi"",""labels"":[""PROPN""]},{""start"":31,""end"":35,""text"":""पूरे"",""labels"":[""ADJ""]},{""start"":42,""end"":44,""text"":""की"",""labels"":[""ADP""]}]",157.185,"7 सितंबर को शुरू हुई एक यात्रा पूरे INDIA की यात्रा बन गई। Bharat Jodo Yatra | Rahul Gandhi","2025-01-23T15:18:25.854813Z"
37,"1","2025-01-23T15:21:09.212662Z",694,"[{""start"":0,""end"":17,""text"":""Bharat Jodo Yatra"",""labels"":[""PROPN""]},{""start"":79,""end"":80,""text"":""'"",""labels"":[""X""]},{""start"":72,""end"":73,""text"":""'"",""labels"":[""X""]},{""start"":73,""end"":79,""text"":""यात्रा"",""labels"":[""NOUN""]},{""start"":65,""end"":71,""text"":""निकाली"",""labels"":[""VERB""]},{""start"":53,""end"":61,""text"":""Congress"",""labels"":[""PROPN""]},{""start"":41,""end"":48,""text"":""Gujarat"",""labels"":[""PROPN""]},{""start"":21,""end"":23,""text"":""एक"",""labels"":[""NUM""]},{""start"":24,""end"":27,""text"":""साल"",""labels"":[""NOUN""]},{""start"":33,""end"":37,""text"":""होने"",""labels"":[""VERB""]},{""start"":49,""end"":52,""text"":""में"",""labels"":[""ADP""]},{""start"":62,""end"":64,""text"":""ने"",""labels"":[""ADP""]},{""start"":83,""end"":95,""text"":""Rahul Gandhi"",""labels"":[""PROPN""]},{""start"":81,""end"":82,""text"":""|"",""labels"":[""X""]},{""start"":18,""end"":20,""text"":""के"",""labels"":[""ADP""]},{""start"":28,""end"":32,""text"":""पूरा"",""labels"":[""ADV""]},{""start"":38,""end"":40,""text"":""पर"",""labels"":[""ADP""]}]",161.614,"Bharat Jodo Yatra के एक साल पूरा होने पर Gujarat में Congress ने निकाली 'यात्रा' | Rahul Gandhi","2025-01-23T15:21:09.212662Z"
38,"1","2025-01-23T15:23:46.292239Z",695,"[{""start"":0,""end"":4,""text"":""आंधी"",""labels"":[""NOUN""]},{""start"":4,""end"":5,""text"":"","",""labels"":[""X""]},{""start"":11,""end"":12,""text"":"","",""labels"":[""X""]},{""start"":16,""end"":17,""text"":"","",""labels"":[""X""]},{""start"":6,""end"":11,""text"":""बारिश"",""labels"":[""NOUN""]},{""start"":13,""end"":16,""text"":""धूप"",""labels"":[""NOUN""]},{""start"":18,""end"":26,""text"":""बर्फबारी"",""labels"":[""NOUN""]},{""start"":36,""end"":48,""text"":""Rahul Gandhi"",""labels"":[""PROPN""]},{""start"":48,""end"":51,""text"":""..."",""labels"":[""X""]},{""start"":52,""end"":69,""text"":""Bharat Jodo Yatra"",""labels"":[""NOUN""]},{""start"":70,""end"":72,""text"":""के"",""labels"":[""ADP""]},{""start"":73,""end"":76,""text"":""145"",""labels"":[""NUM""]},{""start"":77,""end"":82,""text"":""दिनों"",""labels"":[""NOUN""]},{""start"":83,""end"":85,""text"":""की"",""labels"":[""ADP""]},{""start"":86,""end"":91,""text"":""कहानी"",""labels"":[""NOUN""]},{""start"":91,""end"":92,""text"":""।"",""labels"":[""X""]},{""start"":27,""end"":30,""text"":""में"",""labels"":[""ADP""]},{""start"":31,""end"":35,""text"":""चलते"",""labels"":[""ADV""]}]",155.253,"आंधी, बारिश, धूप, बर्फबारी में चलते Rahul Gandhi... Bharat Jodo Yatra के 145 दिनों की कहानी।","2025-01-23T15:23:46.292239Z"
39,"1","2025-01-23T15:25:35.332206Z",696,"[{""start"":15,""end"":18,""text"":""..."",""labels"":[""X""]},{""start"":18,""end"":19,""text"":""|"",""labels"":[""X""]},{""start"":20,""end"":32,""text"":""Rahul Gandhi"",""labels"":[""PROPN""]},{""start"":36,""end"":53,""text"":""Bharat Jodo Yatra"",""labels"":[""PROPN""]},{""start"":54,""end"":57,""text"":""में"",""labels"":[""ADP""]},{""start"":33,""end"":35,""text"":""ने"",""labels"":[""ADP""]},{""start"":8,""end"":15,""text"":""जारी है"",""labels"":[""VERB""]},{""start"":0,""end"":6,""text"":""यात्रा"",""labels"":[""NOUN""]},{""start"":6,""end"":7,""text"":""'"",""labels"":[""X""]},{""start"":58,""end"":62,""text"":""उठाए"",""labels"":[""VERB""]},{""start"":63,""end"":67,""text"":""आपके"",""labels"":[""PRON""]},{""start"":68,""end"":71,""text"":""हित"",""labels"":[""NOUN""]},{""start"":72,""end"":74,""text"":""से"",""labels"":[""ADP""]},{""start"":75,""end"":80,""text"":""जुड़े"",""labels"":[""VERB""]},{""start"":81,""end"":87,""text"":""मुद्दे"",""labels"":[""NOUN""]}]",101.757,"यात्रा' जारी है...| Rahul Gandhi ने Bharat Jodo Yatra में उठाए आपके हित से जुड़े मुद्दे","2025-01-23T15:25:35.332206Z"
40,"1","2025-01-23T15:27:56.967020Z",697,"[{""start"":0,""end"":1,""text"":""‘"",""labels"":[""X""]},{""start"":52,""end"":53,""text"":""’"",""labels"":[""X""]},{""start"":53,""end"":54,""text"":""-"",""labels"":[""X""]},{""start"":79,""end"":97,""text"":""Mallikarjun Kharge"",""labels"":[""PROPN""]},{""start"":66,""end"":69,""text"":""BJP"",""labels"":[""PROPN""]},{""start"":55,""end"":62,""text"":""PM Modi"",""labels"":[""PROPN""]},{""start"":33,""end"":35,""text"":""36"",""labels"":[""NUM""]},{""start"":36,""end"":43,""text"":""गोलियाँ"",""labels"":[""NOUN""]},{""start"":1,""end"":4,""text"":""देश"",""labels"":[""NOUN""]},{""start"":5,""end"":7,""text"":""के"",""labels"":[""ADP""]},{""start"":12,""end"":20,""text"":""कांग्रेस"",""labels"":[""PROPN""]},{""start"":8,""end"":11,""text"":""लिए"",""labels"":[""VERB""]},{""start"":63,""end"":65,""text"":""और"",""labels"":[""CONJ""]},{""start"":44,""end"":52,""text"":""खाईं हैं"",""labels"":[""VERB""]},{""start"":24,""end"":28,""text"":""सीने"",""labels"":[""NOUN""]},{""start"":29,""end"":32,""text"":""में"",""labels"":[""ADP""]},{""start"":21,""end"":23,""text"":""ने"",""labels"":[""ADP""]},{""start"":73,""end"":78,""text"":""भड़के"",""labels"":[""VERB""]},{""start"":70,""end"":72,""text"":""पर"",""labels"":[""ADV""]}]",136.554,"‘देश के लिए कांग्रेस ने सीने में 36 गोलियाँ खाईं हैं’- PM Modi और BJP पर भड़के Mallikarjun Kharge","2025-01-23T15:27:56.967020Z"
41,"1","2025-01-23T15:30:33.277598Z",698,"[{""start"":0,""end"":2,""text"":""आज"",""labels"":[""ADV""]},{""start"":3,""end"":11,""text"":""लोकतंत्र"",""labels"":[""NOUN""]},{""start"":12,""end"":16,""text"":""खतरे"",""labels"":[""NOUN""]},{""start"":39,""end"":47,""text"":""दुरुपयोग"",""labels"":[""NOUN""]},{""start"":48,""end"":57,""text"":""हो रहा है"",""labels"":[""VERB""]},{""start"":58,""end"":59,""text"":""-"",""labels"":[""X""]},{""start"":57,""end"":58,""text"":""'"",""labels"":[""X""]},{""start"":24,""end"":25,""text"":"","",""labels"":[""X""]},{""start"":21,""end"":24,""text"":""हैं"",""labels"":[""VERB""]},{""start"":17,""end"":20,""text"":""में"",""labels"":[""ADP""]},{""start"":29,""end"":31,""text"":""और"",""labels"":[""CONJ""]},{""start"":32,""end"":35,""text"":""CBI"",""labels"":[""PROPN""]},{""start"":26,""end"":28,""text"":""ED"",""labels"":[""PROPN""]},{""start"":36,""end"":39,""text"":""का "",""labels"":[""ADP""]},{""start"":58,""end"":59,""text"":""-"",""labels"":[""X""]},{""start"":60,""end"":75,""text"":""CM Ashok Gehlot"",""labels"":[""PROPN""]},{""start"":76,""end"":77,""text"":""|"",""labels"":[""X""]},{""start"":78,""end"":96,""text"":""Rajasthan Election"",""labels"":[""PROPN""]}]",153.167,"आज लोकतंत्र खतरे में हैं, ED और CBI का दुरुपयोग हो रहा है'- CM Ashok Gehlot | Rajasthan Election","2025-01-23T15:30:33.277598Z"
42,"1","2025-01-23T15:32:56.081055Z",699,"[{""start"":0,""end"":12,""text"":""Sonia Gandhi"",""labels"":[""PROPN""]},{""start"":13,""end"":15,""text"":""जी"",""labels"":[""ADJ""]},{""start"":16,""end"":18,""text"":""ने"",""labels"":[""ADP""]},{""start"":19,""end"":26,""text"":""PM Modi"",""labels"":[""PROPN""]},{""start"":27,""end"":29,""text"":""को"",""labels"":[""ADP""]},{""start"":30,""end"":34,""text"":""लिखी"",""labels"":[""VERB""]},{""start"":35,""end"":41,""text"":""चिट्ठी"",""labels"":[""NOUN""]},{""start"":41,""end"":42,""text"":"","",""labels"":[""X""]},{""start"":43,""end"":47,""text"":""संसद"",""labels"":[""NOUN""]},{""start"":52,""end"":54,""text"":""इन"",""labels"":[""DET""]},{""start"":48,""end"":51,""text"":""में"",""labels"":[""ADP""]},{""start"":55,""end"":56,""text"":""9"",""labels"":[""NUM""]},{""start"":57,""end"":64,""text"":""मुद्दों"",""labels"":[""NOUN""]},{""start"":65,""end"":67,""text"":""पर"",""labels"":[""ADP""]},{""start"":68,""end"":73,""text"":""चर्चा"",""labels"":[""NOUN""]},{""start"":74,""end"":76,""text"":""की"",""labels"":[""ADP""]},{""start"":77,""end"":81,""text"":""मांग"",""labels"":[""VERB""]},{""start"":81,""end"":82,""text"":""'"",""labels"":[""X""]},{""start"":82,""end"":83,""text"":""-"",""labels"":[""X""]},{""start"":84,""end"":97,""text"":""Jairam Ramesh"",""labels"":[""PROPN""]}]",140.91,"Sonia Gandhi जी ने PM Modi को लिखी चिट्ठी, संसद में इन 9 मुद्दों पर चर्चा की मांग'- Jairam Ramesh","2025-01-23T15:32:56.081055Z"
